y.level,term,coef,se,p.value,OR,OR_lower,OR_upper
Gastro-Intestinal and Metabolic,(Intercept),-0.339587523223843,0.245667809505038,0.166878468930844,0.712063972048299,0.439949016729061,1.15248604044831
Gastro-Intestinal and Metabolic,age_groupOlder Adults (≥65),-0.327418463377043,0.165862543165926,0.0483777647191979,0.720782059014627,0.520737580707815,0.997674828636713
Gastro-Intestinal and Metabolic,sexFemale,-0.125971396718907,0.132467585397923,0.341624598474731,0.881640064221343,0.680037140379175,1.14300992796778
Gastro-Intestinal and Metabolic,quarter2024Q2,-0.36844541736929,0.147497017742929,0.0124901288844867,0.691808969321089,0.518124575628414,0.923715400784901
Gastro-Intestinal and Metabolic,quarter2024Q3,0.0851611922769807,0.127229241551645,0.503270737681368,1.08889257362617,0.848565399082579,1.39728421425163
Gastro-Intestinal and Metabolic,quarter2024Q4,-0.202376189560782,0.124893787153263,0.105149307353315,0.816787603169987,0.639436466005972,1.04332803047542
Gastro-Intestinal and Metabolic,dose_cat≥1 mg,-0.103370468588971,0.161916050234822,0.523200219587915,0.901792825674033,0.656570024836072,1.2386040630475
Gastro-Intestinal and Metabolic,dose_cat0.5–0.99 mg,0.107993276693351,0.180693774329304,0.550067427962969,1.11404025532703,0.781792029301303,1.5874882884113
Gastro-Intestinal and Metabolic,dose_catMissing,-0.258793080308765,0.146212758132504,0.076731130314887,0.771982744949553,0.57962723157332,1.02817349847798
Gastro-Intestinal and Metabolic,wt_cat≥100 kg,0.151209976294412,0.199662023805791,0.448852374572576,1.16324088545058,0.786527501333294,1.72038403652774
Gastro-Intestinal and Metabolic,wt_cat80–99 kg,0.502611033235414,0.196038421481458,0.0103521426154028,1.6530317617026,1.12566697554563,2.42746217536772
Gastro-Intestinal and Metabolic,wt_catMissing,-0.0568804593557988,0.167935071076445,0.734831923804544,0.944706993499461,0.679747958580534,1.31294444109913
Gastro-Intestinal and Metabolic,age_groupOlder Adults (≥65):sexFemale,-0.0295609740520209,0.2038183378629,0.884682535162698,0.970871677856196,0.651130682167037,1.44762309729631
Cardiovascular,(Intercept),-2.75117283409834,0.591124675977066,3.25346831058512e-06,0.063852928381726,0.0200449666025377,0.203402507161356
Cardiovascular,age_groupOlder Adults (≥65),-0.0656203791396621,0.330127153213945,0.842440283014446,0.936486306558091,0.490333454744694,1.78859222001781
Cardiovascular,sexFemale,-0.589637671409855,0.303719756293119,0.0522113200550763,0.554528169749058,0.305768073621668,1.00566905956871
Cardiovascular,quarter2024Q2,-0.198667054473398,0.349376093672881,0.569604684495373,0.819822804233449,0.413356774535967,1.62597898896348
Cardiovascular,quarter2024Q3,0.281375452166115,0.297526018166757,0.34429288268239,1.32495096627181,0.73950403279331,2.37388166281342
Cardiovascular,quarter2024Q4,0.204228466537335,0.285274584425692,0.474052250901745,1.22657835355603,0.70123674874996,2.14548718402758
Cardiovascular,dose_cat≥1 mg,0.0218709533677742,0.383187146218043,0.954484313940004,1.0221118758641,0.482306317538415,2.1660771356146
Cardiovascular,dose_cat0.5–0.99 mg,0.644525698100219,0.386183397490578,0.095124765885563,1.9050832303567,0.893692287056847,4.06106460484138
Cardiovascular,dose_catMissing,0.00539627514241796,0.349318780902438,0.987674772686652,1.00541086126022,0.506987700311245,1.99383732449417
Cardiovascular,wt_cat≥100 kg,-0.381272727834616,0.541098075081362,0.481041914519045,0.682991593398643,0.23649577048508,1.9724560642096
Cardiovascular,wt_cat80–99 kg,0.2542586300706,0.501251914438591,0.611981380774044,1.28950526598231,0.482779562315942,3.44427138344337
Cardiovascular,wt_catMissing,0.233450421991616,0.416088796721936,0.574757222315958,1.26295021178255,0.558732965911567,2.85475054230832
Cardiovascular,age_groupOlder Adults (≥65):sexFemale,0.342766757212835,0.423135362004515,0.417903348213996,1.40884012180479,0.614726053230467,3.22880489345846
Psychiatric-related,(Intercept),-1.46583205287248,0.492241922175354,0.0029025983778061,0.230885802337606,0.0879817193857806,0.605901476957218
Psychiatric-related,age_groupOlder Adults (≥65),-0.686060020557826,0.380257387989607,0.0712001072437762,0.50355616667731,0.238982607654791,1.06103458945023
Psychiatric-related,sexFemale,-0.23911747533838,0.259949744343423,0.357645716000151,0.787322385976065,0.473019353776852,1.31046760456967
Psychiatric-related,quarter2024Q2,-0.268075626934583,0.279740110638858,0.337910280385115,0.764849935659505,0.44203498706267,1.3234143024869
Psychiatric-related,quarter2024Q3,-0.148495149440278,0.2597014661579,0.567463083745369,0.862004188363155,0.518139885936182,1.43407454419971
Psychiatric-related,quarter2024Q4,-0.537538507557808,0.267019811394191,0.0441037457876221,0.584184449662141,0.346145061848136,0.985920380908926
Psychiatric-related,dose_cat≥1 mg,-0.198875202383214,0.448153852694713,0.657212160014846,0.819652177588733,0.340528398791498,1.97290356578251
Psychiatric-related,dose_cat0.5–0.99 mg,-0.00350309135162075,0.502042151198231,0.994432659056612,0.996503037314374,0.372504668743991,2.66578753690531
Psychiatric-related,dose_catMissing,0.544036211939199,0.366251405241641,0.137433287902947,1.7229470261342,0.840451070707353,3.53208718309592
Psychiatric-related,wt_cat≥100 kg,-0.381862002425473,0.314175830613794,0.224198160997234,0.682589242366148,0.368746216976132,1.26354672222752
Psychiatric-related,wt_cat80–99 kg,-0.0980784433038335,0.300936393402532,0.744491787464046,0.906577786007885,0.502623562188912,1.63518653702521
Psychiatric-related,wt_catMissing,-1.30086418600846,0.277112168682471,2.67443138491383e-06,0.272296376608053,0.158182786723487,0.468731890806078
Psychiatric-related,age_groupOlder Adults (≥65):sexFemale,-0.100444319040595,0.480522023148457,0.834423518734307,0.904435470845491,0.352654136931925,2.31956309385762
