model,n,y.level,estimate,conf.low,conf.high,p.value
Main,2427,Gastro-Intestinal and Metabolic,0.707377355295717,0.582899830114615,0.858436899332725,0.000455320103127913
Main,2427,Cardiovascular,1.14850964151875,0.758042795511324,1.74010544585648,0.513627723804248
Main,2427,Psychiatric-related,0.473164873420593,0.297955173393089,0.751404967698803,0.00151801970748013
S1: exclude missing dose,1133,Gastro-Intestinal and Metabolic,0.663801528186745,0.504499332075996,0.873405455285482,0.00342566315449247
S1: exclude missing dose,1133,Cardiovascular,1.3011608918729,0.735945156448266,2.30046988108482,0.365229489589653
S1: exclude missing dose,1133,Psychiatric-related,0.656157002777859,0.295394790277832,1.45751389822915,0.30077391902004
S2: exclude missing weight,890,Gastro-Intestinal and Metabolic,1.26353088823273,0.898725199867947,1.77641653505741,0.178407393022103
S2: exclude missing weight,890,Cardiovascular,0.826154532878548,0.315682222297871,2.16208346237423,0.697225968199511
S2: exclude missing weight,890,Psychiatric-related,0.353970416361847,0.169677870689645,0.73842897220554,0.00563632581640152
S3: exclude both,314,Gastro-Intestinal and Metabolic,1.03912981394373,0.59762340337756,1.8068080401874,0.891823657110505
S3: exclude both,314,Cardiovascular,0.9409118254035,0.257983839204231,3.43166868868594,0.926495637403642
S3: exclude both,314,Psychiatric-related,0.136449748115973,0.0161803728947762,1.15068632113685,0.0671093789754676
