y.level,term,estimate,conf.low,conf.high,p.value,model,n,std.error,statistic
Gastro-Intestinal and Metabolic,(Intercept),0.718042522634806,0.451855227689262,1.14104038797648,0.161015947977429,Main,2427,,
Gastro-Intestinal and Metabolic,age_groupOlder Adults (≥65),0.707377355295717,0.582899830114615,0.858436899332725,0.000455320103127913,Main,2427,,
Gastro-Intestinal and Metabolic,sexFemale,0.872051695333988,0.714422061283075,1.06446063265334,0.178337445120303,Main,2427,,
Gastro-Intestinal and Metabolic,quarter2024Q2,0.691757883329666,0.518088737888221,0.923642870716064,0.0124710775701674,Main,2427,,
Gastro-Intestinal and Metabolic,quarter2024Q3,1.089442032199,0.849082233502693,1.39784333565156,0.500565988238367,Main,2427,,
Gastro-Intestinal and Metabolic,quarter2024Q4,0.816766238655013,0.639423494793919,1.0432946146617,0.10509601212222,Main,2427,,
Gastro-Intestinal and Metabolic,dose_cat≥1 mg,0.902102534619209,0.656813825244924,1.23899490493054,0.524544848959183,Main,2427,,
Gastro-Intestinal and Metabolic,dose_cat0.5–0.99 mg,1.11339913481371,0.781401029728741,1.58645508035005,0.552110971837045,Main,2427,,
Gastro-Intestinal and Metabolic,dose_catMissing,0.77206822262313,0.579692232945291,1.02828588431457,0.0768559059906756,Main,2427,,
Gastro-Intestinal and Metabolic,wt_cat≥100 kg,1.16182986554277,0.786017497825832,1.71732644654971,0.451848364914216,Main,2427,,
Gastro-Intestinal and Metabolic,wt_cat80–99 kg,1.65289944045085,1.12560160250243,2.42721452614211,0.0103599512706414,Main,2427,,
Gastro-Intestinal and Metabolic,wt_catMissing,0.943652913244325,0.679322468405933,1.31083669698731,0.729441914628542,Main,2427,,
Cardiovascular,(Intercept),0.0562401761145534,0.0182770374988465,0.173056350603625,5.19802087018955e-07,Main,2427,,
Cardiovascular,age_groupOlder Adults (≥65),1.14850964151875,0.758042795511324,1.74010544585648,0.513627723804248,Main,2427,,
Cardiovascular,sexFemale,0.662446537503926,0.434750218138006,1.00939665293426,0.0553046928529599,Main,2427,,
Cardiovascular,quarter2024Q2,0.819924788430732,0.413384896488722,1.6262729102913,0.569878128414185,Main,2427,,
Cardiovascular,quarter2024Q3,1.31560941880978,0.734504217926216,2.35645773110437,0.35632144227113,Main,2427,,
Cardiovascular,quarter2024Q4,1.22530643645391,0.700542928663302,2.14316040000596,0.4762634560889,Main,2427,,
Cardiovascular,dose_cat≥1 mg,1.0179561991584,0.48040594960705,2.15699831413954,0.962949844825045,Main,2427,,
Cardiovascular,dose_cat0.5–0.99 mg,1.9186031124177,0.90018058880973,4.08922159479818,0.0914811075041988,Main,2427,,
Cardiovascular,dose_catMissing,1.00309334795126,0.505881394285007,1.98899638545945,0.99294416287944,Main,2427,,
Cardiovascular,wt_cat≥100 kg,0.702314467297288,0.244089145795495,2.02076011765115,0.512237625850015,Main,2427,,
Cardiovascular,wt_cat80–99 kg,1.29792920790265,0.486296637156378,3.46418235293097,0.602622084775495,Main,2427,,
Cardiovascular,wt_catMissing,1.29018964575856,0.571634181746666,2.91198352928502,0.539570056273709,Main,2427,,
Psychiatric-related,(Intercept),0.235690671602484,0.0919820744707142,0.603923025220707,0.00260816656425989,Main,2427,,
Psychiatric-related,age_groupOlder Adults (≥65),0.473164873420593,0.297955173393089,0.751404967698803,0.00151801970748013,Main,2427,,
Psychiatric-related,sexFemale,0.76703146456198,0.496979712393564,1.18382552236294,0.230971358038336,Main,2427,,
Psychiatric-related,quarter2024Q2,0.764349090469538,0.441755086243734,1.3225190842042,0.336712114155916,Main,2427,,
Psychiatric-related,quarter2024Q3,0.863221447343727,0.51897990603322,1.43579984213589,0.570992460260583,Main,2427,,
Psychiatric-related,quarter2024Q4,0.584186237205461,0.346148476584079,0.985916688434072,0.0441021979157581,Main,2427,,
Psychiatric-related,dose_cat≥1 mg,0.820244352881296,0.340791854169956,1.9742279347385,0.658359179884276,Main,2427,,
Psychiatric-related,dose_cat0.5–0.99 mg,0.994584347560872,0.371821537505385,2.66041077407669,0.991368995784448,Main,2427,,
Psychiatric-related,dose_catMissing,1.72322944338867,0.840615313325835,3.53255486485599,0.137297604917984,Main,2427,,
Psychiatric-related,wt_cat≥100 kg,0.680341394834943,0.367802909391207,1.25845772751525,0.219668996577927,Main,2427,,
Psychiatric-related,wt_cat80–99 kg,0.905866991157535,0.502250119455911,1.63383735290648,0.742503312856458,Main,2427,,
Psychiatric-related,wt_catMissing,0.271471286881141,0.157846743649303,0.466887424454185,2.43867742101104e-06,Main,2427,,
Gastro-Intestinal and Metabolic,(Intercept),0.931231179501732,0.474724045459274,1.82672758620688,0.835810764217385,S1: exclude missing dose,1133,0.343768501149627,-0.207254938091628
Gastro-Intestinal and Metabolic,age_groupOlder Adults (≥65),0.663801528186745,0.504499332075996,0.873405455285482,0.00342566315449247,S1: exclude missing dose,1133,0.140011085799077,-2.92671166129993
Gastro-Intestinal and Metabolic,sexFemale,0.999668518484897,0.753336935096514,1.32654739239854,0.998167394439265,S1: exclude missing dose,1133,0.144345079837231,-0.0022968324768576
Gastro-Intestinal and Metabolic,quarter2024Q2,0.624860941408043,0.393858083311728,0.991349962438915,0.0458407273232645,S1: exclude missing dose,1133,0.235483144130423,-1.99685692784804
Gastro-Intestinal and Metabolic,quarter2024Q3,0.985573573473436,0.672452156842519,1.4444972164119,0.94061170764131,S1: exclude missing dose,1133,0.195050937722936,-0.0745010475745653
Gastro-Intestinal and Metabolic,quarter2024Q4,1.05872428316662,0.748163961270102,1.49819714099007,0.747350102529435,S1: exclude missing dose,1133,0.177144990974316,0.322135424592348
Gastro-Intestinal and Metabolic,dose_cat≥1 mg,0.980596631208449,0.709142284733025,1.3559616650125,0.905678197211468,S1: exclude missing dose,1133,0.165362734338643,-0.118491540965012
Gastro-Intestinal and Metabolic,dose_cat0.5–0.99 mg,1.16730837555311,0.812877722534239,1.67627775477517,0.402098744814357,S1: exclude missing dose,1133,0.184633570406641,0.83787885626902
Gastro-Intestinal and Metabolic,wt_cat≥100 kg,0.959003083192346,0.497383970858842,1.84904815485787,0.900548230555522,S1: exclude missing dose,1133,0.334971453593689,-0.124968825394249
Gastro-Intestinal and Metabolic,wt_cat80–99 kg,1.54588818773358,0.796719059587374,2.99951439621876,0.197743590901614,S1: exclude missing dose,1133,0.338195899978437,1.28800681495527
Gastro-Intestinal and Metabolic,wt_catMissing,0.526001814334994,0.298581961083864,0.926639732954244,0.0261701469533119,S1: exclude missing dose,1133,0.288913569262311,-2.22367754683411
Cardiovascular,(Intercept),0.121223750915181,0.0305479333169779,0.481053747023159,0.0026950997449368,S1: exclude missing dose,1133,0.703248118753713,-3.00053025899067
Cardiovascular,age_groupOlder Adults (≥65),1.3011608918729,0.735945156448266,2.30046988108482,0.365229489589653,S1: exclude missing dose,1133,0.290748474438363,0.905445369034877
Cardiovascular,sexFemale,0.748620443662143,0.421381595583902,1.32998824472227,0.323444152438798,S1: exclude missing dose,1133,0.293216244208758,-0.987404962752397
Cardiovascular,quarter2024Q2,0.59438673501071,0.215041983772098,1.64291448841504,0.315919957909335,S1: exclude missing dose,1133,0.518732436997528,-1.00287752476499
Cardiovascular,quarter2024Q3,0.989852393784984,0.435739861923104,2.24860713260788,0.980562625831482,S1: exclude missing dose,1133,0.418635456048528,-0.0243635459183238
Cardiovascular,quarter2024Q4,1.19331969879356,0.575707062719014,2.47350084051994,0.634613972851376,S1: exclude missing dose,1133,0.371892244529863,0.475242731427931
Cardiovascular,dose_cat≥1 mg,1.08611047984208,0.51060834541123,2.31025596237121,0.830153268739694,S1: exclude missing dose,1133,0.385086350185203,0.214504999400121
Cardiovascular,dose_cat0.5–0.99 mg,1.99553824758252,0.932454834078788,4.2706335492366,0.0751069228023841,S1: exclude missing dose,1133,0.388195080206937,1.77981084116646
Cardiovascular,wt_cat≥100 kg,0.282019110379467,0.0576869674299684,1.37873045095984,0.117979793537591,S1: exclude missing dose,1133,0.809679957502002,-1.56330959079461
Cardiovascular,wt_cat80–99 kg,0.868662038458091,0.222384993401426,3.39309647434748,0.839497180475252,S1: exclude missing dose,1133,0.695188313365873,-0.202536687136386
Cardiovascular,wt_catMissing,0.506508155072615,0.166931782049516,1.53685839811478,0.229702124849771,S1: exclude missing dose,1133,0.56631407255871,-1.2011265259846
Psychiatric-related,(Intercept),0.0614255547900592,0.00967972528138077,0.389793994311412,0.00308344801900295,S1: exclude missing dose,1133,0.942768563131611,-2.95929397492544
Psychiatric-related,age_groupOlder Adults (≥65),0.656157002777859,0.295394790277832,1.45751389822915,0.30077391902004,S1: exclude missing dose,1133,0.407194910889377,-1.03477517499077
Psychiatric-related,sexFemale,1.53761874686823,0.659473990492802,3.58508666726022,0.319202220731159,S1: exclude missing dose,1133,0.431920027078669,0.996098639744804
Psychiatric-related,quarter2024Q2,0.91734047715101,0.279931484111938,3.00614114089125,0.886711083493531,S1: exclude missing dose,1133,0.605589609647897,-0.142467076153362
Psychiatric-related,quarter2024Q3,1.32259697114584,0.48626925749692,3.59731305468192,0.583913479684657,S1: exclude missing dose,1133,0.510514476184016,0.547677331835919
Psychiatric-related,quarter2024Q4,0.603314997575906,0.210204283620755,1.7315964262494,0.347556848871512,S1: exclude missing dose,1133,0.53794846010821,-0.939338750981284
Psychiatric-related,dose_cat≥1 mg,0.787628841760637,0.325756734301938,1.90436337011594,0.596131897584515,S1: exclude missing dose,1133,0.450455255225831,-0.529971202045704
Psychiatric-related,dose_cat0.5–0.99 mg,0.942476334189563,0.350408619192148,2.53493091167462,0.90657496532689,S1: exclude missing dose,1133,0.504810731364072,-0.117359766557125
Psychiatric-related,wt_cat≥100 kg,2.40462888974102,0.474685856647632,12.1811931331027,0.289196123601491,S1: exclude missing dose,1133,0.827820125682899,1.05988675151775
Psychiatric-related,wt_cat80–99 kg,1.12371989169898,0.174723062287822,7.22713062869649,0.902238250830949,S1: exclude missing dose,1133,0.949608047989884,0.122834377812784
Psychiatric-related,wt_catMissing,0.524404943593292,0.11306090942707,2.43232206656247,0.409626623527759,S1: exclude missing dose,1133,0.782839631808991,-0.82455087065964
Gastro-Intestinal and Metabolic,(Intercept),0.48392045465355,0.242693572218673,0.964916393505045,0.0392656289265568,S2: exclude missing weight,890,0.352108977947547,-2.06139229931796
Gastro-Intestinal and Metabolic,age_groupOlder Adults (≥65),1.26353088823273,0.898725199867947,1.77641653505741,0.178407393022103,S2: exclude missing weight,890,0.173823632042643,1.34567487378941
Gastro-Intestinal and Metabolic,sexFemale,0.982142288660662,0.689932980165995,1.39811184985464,0.920338518316013,S2: exclude missing weight,890,0.180177663858592,-0.100007314642632
Gastro-Intestinal and Metabolic,quarter2024Q2,1.07023676635639,0.661506423574242,1.73151264332724,0.782142144866536,S2: exclude missing weight,890,0.245471595200147,0.276528536464355
Gastro-Intestinal and Metabolic,quarter2024Q3,1.48939131721658,0.95705148361004,2.31783402856519,0.0774926593232487,S2: exclude missing weight,890,0.225649869154474,1.76542324642672
Gastro-Intestinal and Metabolic,quarter2024Q4,1.66847383010628,1.10549469862884,2.51815311751592,0.0147883334695393,S2: exclude missing weight,890,0.210012230733419,2.43752153203403
Gastro-Intestinal and Metabolic,dose_cat≥1 mg,0.846725939742347,0.483744319347953,1.4820738732373,0.560230182413663,S2: exclude missing weight,890,0.285627990899056,-0.582499642260829
Gastro-Intestinal and Metabolic,dose_cat0.5–0.99 mg,1.63284106531728,0.879936943761808,3.02995568431115,0.120073164098603,S2: exclude missing weight,890,0.315427485510132,1.55446657303045
Gastro-Intestinal and Metabolic,dose_catMissing,0.507113063369272,0.317533151291059,0.809879718052004,0.00447204805773267,S2: exclude missing weight,890,0.238857326307013,-2.84279032206409
Gastro-Intestinal and Metabolic,wt_cat≥100 kg,1.11442463130861,0.736732316835177,1.68574423910492,0.60791023000281,S2: exclude missing weight,890,0.21116148484908,0.513058743028932
Gastro-Intestinal and Metabolic,wt_cat80–99 kg,1.62657526279633,1.09605642893667,2.41387853370624,0.0157203152256174,S2: exclude missing weight,890,0.201410877124041,2.41534491910623
Cardiovascular,(Intercept),0.0637847287428402,0.0100731727309044,0.403893761130056,0.00346981838827715,S2: exclude missing weight,890,0.941669382772177,-2.92272588344975
Cardiovascular,age_groupOlder Adults (≥65),0.826154532878548,0.315682222297871,2.16208346237423,0.697225968199511,S2: exclude missing weight,890,0.49084869286065,-0.389067832771765
Cardiovascular,sexFemale,0.660658532601947,0.266574543155718,1.63732699879297,0.370696559172056,S2: exclude missing weight,890,0.463061160946376,-0.895169363574253
Cardiovascular,quarter2024Q2,1.07714286216105,0.280447958004222,4.13708394869836,0.91380967376928,S2: exclude missing weight,890,0.686583606858303,0.108234506156346
Cardiovascular,quarter2024Q3,0.969674679130834,0.253089497379869,3.71516397591248,0.964159759590892,S2: exclude missing weight,890,0.685327624762933,-0.0449341963822666
Cardiovascular,quarter2024Q4,2.10208033997111,0.716641543974114,6.16590231594591,0.176014556983731,S2: exclude missing weight,890,0.549044269692598,1.35312857899186
Cardiovascular,dose_cat≥1 mg,1.54320548258548,0.363197374756969,6.55699442507101,0.556666358720364,S2: exclude missing weight,890,0.738110805670675,0.587800276066917
Cardiovascular,dose_cat0.5–0.99 mg,2.05637625848846,0.425252063817413,9.94394542971726,0.369943006659222,S2: exclude missing weight,890,0.804105862614894,0.89658012641079
Cardiovascular,dose_catMissing,0.693549318042595,0.186154257688073,2.58393583112854,0.585541273385112,S2: exclude missing weight,890,0.671056555064467,-0.54530862458128
Cardiovascular,wt_cat≥100 kg,0.618589917412071,0.20004536284444,1.91283357176059,0.404333719163711,S2: exclude missing weight,890,0.575979158253969,-0.833906420091504
Cardiovascular,wt_cat80–99 kg,1.19221410154481,0.436085407582289,3.25939469472864,0.731882459168903,S2: exclude missing weight,890,0.513136640113738,0.342622518370962
Psychiatric-related,(Intercept),0.123995835988767,0.0302059282054161,0.509004962138401,0.00376522445714719,S2: exclude missing weight,890,0.720528434264776,-2.89718933411252
Psychiatric-related,age_groupOlder Adults (≥65),0.353970416361847,0.169677870689645,0.73842897220554,0.00563632581640152,S2: exclude missing weight,890,0.375165862557336,-2.76822078602922
Psychiatric-related,sexFemale,0.766443160263758,0.42571507153931,1.37987860235024,0.375268703374452,S2: exclude missing weight,890,0.300000545394239,-0.886647515848224
Psychiatric-related,quarter2024Q2,1.01066894206803,0.506222246611703,2.017793009489,0.975999891289941,S2: exclude missing weight,890,0.352757458566359,0.0300842129297131
Psychiatric-related,quarter2024Q3,1.066360953785,0.549711519282475,2.06858623818091,0.849267987731204,S2: exclude missing weight,890,0.338074336167978,0.190052504310126
Psychiatric-related,quarter2024Q4,0.850439340272852,0.437753784159395,1.65217777128427,0.632564093606616,S2: exclude missing weight,890,0.338830956284971,-0.478120989582914
Psychiatric-related,dose_cat≥1 mg,1.14380654926162,0.259119608092523,5.0489942917273,0.859228122637083,S2: exclude missing weight,890,0.757578867086647,0.17735681946812
Psychiatric-related,dose_cat0.5–0.99 mg,3.20133153496478,0.740069929320167,13.8480475840632,0.119437738911897,S2: exclude missing weight,890,0.747247111505316,1.55713794007266
Psychiatric-related,dose_catMissing,2.6935721902706,0.8058083229473,9.00379276012222,0.107550966904974,S2: exclude missing weight,890,0.615714192421842,1.60929904919293
Psychiatric-related,wt_cat≥100 kg,0.63579060799675,0.335527994481017,1.20475699156527,0.164908112012598,S2: exclude missing weight,890,0.32611001398826,-1.38875220978899
Psychiatric-related,wt_cat80–99 kg,0.856951048671581,0.47161804913046,1.55711831040669,0.61241065476959,S2: exclude missing weight,890,0.304705271232555,-0.506635414590407
Gastro-Intestinal and Metabolic,(Intercept),0.265907840111884,0.0951979914563361,0.742736042549787,0.0114892486202556,S3: exclude both,314,0.524086640203143,-2.52745518463307
Gastro-Intestinal and Metabolic,age_groupOlder Adults (≥65),1.03912981394373,0.59762340337756,1.8068080401874,0.891823657110505,S3: exclude both,314,0.282238925594296,0.135996994274644
Gastro-Intestinal and Metabolic,sexFemale,1.00797114394807,0.585389080007412,1.73560775513461,0.977155052590504,S3: exclude both,314,0.277259227867304,0.028635808679263
Gastro-Intestinal and Metabolic,quarter2024Q2,2.03726519735381,0.84295845849686,4.92367025031107,0.113986987186875,S3: exclude both,314,0.450235783035636,1.58052368501618
Gastro-Intestinal and Metabolic,quarter2024Q3,3.28632649408075,1.45011046818521,7.44766834158021,0.00436798008556432,S3: exclude both,314,0.417421259661148,2.85028696135145
Gastro-Intestinal and Metabolic,quarter2024Q4,5.13725492609977,2.505236726331,10.534488776391,7.95276646398521e-06,S3: exclude both,314,0.366402469534625,4.4664515438833
Gastro-Intestinal and Metabolic,dose_cat≥1 mg,0.933641175437728,0.521893698938213,1.67023638385782,0.817019538738903,S3: exclude both,314,0.296754564503688,-0.2313800805655
Gastro-Intestinal and Metabolic,dose_cat0.5–0.99 mg,1.75025197813724,0.9194058641894,3.3319147791973,0.0883534412682516,S3: exclude both,314,0.328468985913525,1.70414799899732
Gastro-Intestinal and Metabolic,wt_cat≥100 kg,0.797053347222292,0.39066164245981,1.6262001928782,0.532973903525033,S3: exclude both,314,0.363822905125144,-0.623472750622187
Gastro-Intestinal and Metabolic,wt_cat80–99 kg,1.37707895224939,0.684105996681087,2.77200675031111,0.370045789471914,S3: exclude both,314,0.356948886560218,0.896387596570303
Cardiovascular,(Intercept),0.0615441355913542,0.00598519016751087,0.632842151991675,0.0190394084760141,S3: exclude both,314,1.18903534716582,-2.34475847695545
Cardiovascular,age_groupOlder Adults (≥65),0.9409118254035,0.257983839204231,3.43166868868594,0.926495637403642,S3: exclude both,314,0.660191971947933,-0.0922547523344878
Cardiovascular,sexFemale,0.658790938190625,0.184008703937463,2.3586139728998,0.521297133376329,S3: exclude both,314,0.650738071080786,-0.641347193815528
Cardiovascular,quarter2024Q2,2.74250109288818,0.419992307841856,17.9082142793075,0.29197192049784,S3: exclude both,314,0.957359017310153,1.05380561881837
Cardiovascular,quarter2024Q3,0.941435645407944,0.0801511910333057,11.057865304539,0.961704968966669,S3: exclude both,314,1.25690638855419,-0.0480141457059245
Cardiovascular,quarter2024Q4,3.61556596901227,0.686720143340732,19.0358727686156,0.129390298637211,S3: exclude both,314,0.84750375414139,1.51651057396702
Cardiovascular,dose_cat≥1 mg,1.66980453154981,0.387011604661907,7.20455702102289,0.49187263180616,S3: exclude both,314,0.745935733681614,0.687333438326482
Cardiovascular,dose_cat0.5–0.99 mg,2.28656008186406,0.463323973234926,11.2844517227757,0.309908071690109,S3: exclude both,314,0.814493172592175,1.01541494561764
Cardiovascular,wt_cat≥100 kg,0.23803688586924,0.0443315515463517,1.27813164795466,0.0941710591570098,S3: exclude both,314,0.857530551327456,-1.67379416681246
Cardiovascular,wt_cat80–99 kg,0.793772774074555,0.194282318127753,3.24309089439473,0.74774374265629,S3: exclude both,314,0.718117732441837,-0.321615839583897
Psychiatric-related,(Intercept),0.0124596966382632,0.000845929909676477,0.183518798119953,0.00139655189212686,S3: exclude both,314,1.37238130869815,-3.19536275011495
Psychiatric-related,age_groupOlder Adults (≥65),0.136449748115973,0.0161803728947762,1.15068632113685,0.0671093789754676,S3: exclude both,314,1.08785541978165,-1.83094080480813
Psychiatric-related,sexFemale,4.21834916652045,0.83425077213065,21.3298809963786,0.0817181741172786,S3: exclude both,314,0.826885140410945,1.74080266822672
Psychiatric-related,quarter2024Q2,1.22060998954745,0.179007758066225,8.32304008875323,0.838717375598017,S3: exclude both,314,0.979444965975952,0.203534381357297
Psychiatric-related,quarter2024Q3,3.44725187430411,0.727627714837732,16.3319033106694,0.118917986596642,S3: exclude both,314,0.793659021299372,1.55933130253262
Psychiatric-related,quarter2024Q4,0.589252445466371,0.103438853419195,3.35675070837229,0.551305330931477,S3: exclude both,314,0.887707149602966,-0.595805257710511
Psychiatric-related,dose_cat≥1 mg,1.12613734332025,0.23905074787127,5.30508825976694,0.880586432111048,S3: exclude both,314,0.790766016332372,0.150225849815485
Psychiatric-related,dose_cat0.5–0.99 mg,3.67179468700689,0.787090366037229,17.1290067891574,0.0978674130003914,S3: exclude both,314,0.785776057084635,1.6552814842645
Psychiatric-related,wt_cat≥100 kg,2.53496386690567,0.469769748908396,13.6791307261686,0.279463628294574,S3: exclude both,314,0.860062734217463,1.08152504026554
Psychiatric-related,wt_cat80–99 kg,1.12222636021593,0.165699242978278,7.60046926544246,0.905947259547681,S3: exclude both,314,0.975985003858451,0.118151952508937
