label,stat_0,stat_1,stat_2
Sex,,,
Male,762 (31%),402 (28%),360 (37%)
Female,"1,665 (69%)","1,058 (72%)",607 (63%)
Weight category,,,
<80 kg,243 (10%),172 (12%),71 (7.3%)
≥100 kg,330 (14%),251 (17%),79 (8.2%)
80–99 kg,317 (13%),239 (16%),78 (8.1%)
Missing,"1,537 (63%)",798 (55%),739 (76%)
Dose category,,,
<0.5 mg,289 (12%),175 (12%),114 (12%)
≥1 mg,534 (22%),303 (21%),231 (24%)
0.5–0.99 mg,310 (13%),152 (10%),158 (16%)
Missing,"1,294 (53%)",830 (57%),464 (48%)
Drug (standardized),,,
Combination Product,27 (1.1%),24 (1.6%),3 (0.3%)
Ozempic,"1,656 (68%)",849 (58%),807 (83%)
Rybelsus,106 (4.4%),53 (3.6%),53 (5.5%)
Semaglutide (Unspecified),187 (7.7%),136 (9.3%),51 (5.3%)
Wegovy,451 (19%),398 (27%),53 (5.5%)
Quarter of report,,,
2024Q1,598 (25%),383 (26%),215 (22%)
2024Q2,439 (18%),239 (16%),200 (21%)
2024Q3,631 (26%),385 (26%),246 (25%)
2024Q4,759 (31%),453 (31%),306 (32%)
Adverse event category,,,
Others,"1,499 (62%)",850 (58%),649 (67%)
Gastro-Intestinal and Metabolic,706 (29%),465 (32%),241 (25%)
Cardiovascular,102 (4.2%),51 (3.5%),51 (5.3%)
Psychiatric-related,120 (4.9%),94 (6.4%),26 (2.7%)
Outcome category,,,
Death,66 (2.7%),43 (2.9%),23 (2.4%)
Life-threatening,118 (4.9%),96 (6.6%),22 (2.3%)
Hospitalization,944 (39%),558 (38%),386 (40%)
Disability,102 (4.2%),70 (4.8%),32 (3.3%)
Required intervention,65 (2.7%),51 (3.5%),14 (1.4%)
Other serious outcome,"1,132 (47%)",642 (44%),490 (51%)
