pt_group,a,b,c,d,ROR,ROR_lower,ROR_upper,PRR,notable
Pancreatitis,38,929,73,1387,0.777179763186222,0.520553177188844,1.16032023388664,0.78593588417787,FALSE
Gallbladder,8,959,29,1431,0.411635683722268,0.187381157753064,0.904274144451584,0.41650322718682,TRUE
Hypoglycaemia,6,961,11,1449,0.822438747516791,0.303141590928263,2.231318676351,0.823540471937576,FALSE
Ileus/obstruction/gastric emptying,25,942,90,1370,0.403986789337108,0.257384496002135,0.634091518696413,0.419395610708951,TRUE
Nausea/vomiting/diarrhoea/constipation,90,877,159,1301,0.839697941094211,0.639498750324941,1.10257077425028,0.854617470878617,FALSE
Suicidal ideation/behaviour,3,964,33,1427,0.134571859675594,0.0411552925274301,0.440030535671146,0.137256745322929,TRUE
Heart rate increased/tachycardia,3,964,5,1455,0.905601659751037,0.215919461719535,3.79824199084522,0.905894519131334,FALSE
Dehydration,14,953,19,1441,1.11415474678301,0.555941596546707,2.23286188241687,1.11250204103848,FALSE
Diabetic ketoacidosis,3,964,6,1454,0.754149377593361,0.188156179440311,3.02270850426613,0.754912099276112,FALSE
